<!DOCTYPE hibernate-configuration PUBLIC 
    "-//Hibernate/Hibernate Configuration DTD 3.0//EN"
    "http://hibernate.sourceforge.net/hibernate-configuration-3.0.dtd">
<hibernate-configuration>
    <session-factory>
        <!-- Database Connection Properties -->
        <property name="hibernate.connection.driver_class">com.mysql.cj.jdbc.Driver</property>
        <property name="hibernate.connection.url">jdbc:mysql://localhost:3306/labexam</property>
        <property name="hibernate.connection.username">root</property>
        <property name="hibernate.connection.password">12345</property>
        <property name="hibernate.dialect">org.hibernate.dialect.MySQLDialect</property>

        <!-- Hibernate Properties -->
        <property name="hibernate.hbm2ddl.auto">update</property>
        <property name="hibernate.show_sql">true</property>
        <property name="hibernate.format_sql">true</property>

        <!-- Annotated Classes -->
        <mapping class="com.klef.jfsd.exam.Device" />
        <mapping class="com.klef.jfsd.exam.Smartphone" />
        <mapping class="com.klef.jfsd.exam.Tablet" />
    </session-factory>
</hibernate-configuration>
